Word,Count
*,282
,100
the,63
@see,51
user,38
in,37
response),34
\request,\,34
HttpServletResponse,34
and,29
@author:,22
Varad,22
Paralikar,21
stub,20
TODO,20
for,20
class,20
Auto-generated,20
Created,20
&,18
Jsp,18
servlet,18
Day,18
method,18
Assignment:,18
Task:,18
file,17
implementation,17
HttpServlet#doGet(HttpServletRequest,17
values,17
HttpServlet#doPost(HttpServletRequest,17
Servlet,17
HttpServlet#HttpServlet(),17
with,17
to,16
1,16
total,16
from,16
data,15
name,15
interest,14
is,14
local,13
statment,12
column,12
Storing,12
Query,12
operation,12
query,12
insertion,12
executing,12
fire,12
Getting,12
:,11
code..,11
object,11
letter,11
Initialization,11
unicode,11
Japanese,11
For,11
of,11
a,10
wrong,10
constructor,10
Intializing,10
on,10
id,10
variable,10
connection,10
variables,10
type,10
all,9
return,9
size,8
returns,8
getRowCount,8
calculating,8
number,8
table,8
input,8
Date:19/08/2019,8
rows,8
resultset,8
int,8
database,8
pages,7
checking,7
jsp,7
inputs,7
Date:14/08/2019,7
prapared,7
already,6
getting,6
using,6
multiple,6
array,6
logged,6
information,6
directory,6
connecting,6
PrintWriter,6
stored,6
info,6
con,6
returning,6
console,5
not,5
User,5
Set,5
Class,5
prepared,5
printing,5
used,4
Reader,4
\"\UTF-8"\);\,4
new,4
files,4
page,4
=,4
displaying,4
\InputStreamReader(get.openStream(),\,4
users,4
logout,4
content,4
Login,4
reader,4
into,4
setting,3
manage,3
SaveUserDetailsIntoDatabase,3
if,3
this,3
@Created,3
List,3
store,3
POJO,3
password,3
as,3
but,3
exist,3
right,3
session,3
Date,3
print,3
does,3
or,3
acts,3
1em,2
then,2
Users,2
uploaded,2
background:,2
\style=\"\text-decoration:\,2
UpdateUserDetails,2
again,2
path,2
calling,2
Dec,2
webpage,2
multipart,2
\user,\,2
\class=\"\button\"\\,2
2013-12-04,2
\out.println("\<a\,2
\0;margin:20px;text-decoration:none;display:inline-block;\"\>Logout</a>"\);\,2
creating,2
stream,2
Wed,2
location,2
Show,2
Printing,2
CST,2
Data,2
something,2
Console,2
\type=\"\button\"\\,2
header,2
\href=\"\Logout\"\\,2
message,2
server,2
2em;color:,2
EditUserDetails,2
one,2
none;position:relative;float:right;,2
entering,2
set,2
#fff;border:,2
writer,2
coral;padding:,2
00:00:00,2
2013,2
UserDetails,2
2019/08/21,2
Of,2
login,2
04,2
redirect,1
parameter,1
request,1
CSV,1
properties,1
next,1
4,1
get,1
Interest,1
by,1
listing,1
happened,1
web,1
2019/08/22,1
undastanding,1
5,1
Files,1
subdirectories,1
fileInputStream,1
directoryName,1
dbname,1
each,1
window,1
its,1
checks,1
Download,1
given,1
Message,1
File,1
sendiing,1
type:void,1
error,1
Date:,1
\url,bb,name\,1
ResourceBundle,1
Parlikar,1
details,1
sucessfully,1
Display,1
uploading,1
DB,1
listed,1
pass,1
be,1
others,1
\,\,1
Date:22/08/2019,1
establishmenting,1
prints,1
@param,1
Date:23/08/2019,1
2019/08/14,1
Date:21/08/2019,1
FileUpload,1
FileDownload,1
copy,1
